{"cameraMode":{"drawMode":0,"name":"Shaded","section":"Shading Mode"},"sceneLighting":true,"audioPlay":false,"sceneViewState":{"showFog":true,"showMaterialUpdate":false,"showSkybox":true,"showFlares":true,"showImageEffects":true,"showParticleSystems":true},"in2DMode":false,"pivot":{"x":-10.267578125,"y":1.974294662475586,"z":5.153284072875977},"rotation":{"x":0.07575038075447083,"y":0.8990427255630493,"z":-0.39536720514297488,"w":0.17225311696529389},"size":38.061553955078128,"orthographic":false}